date,nav_per_unit,short_name
2017-01-04,14412.31,SSISCA
2017-01-11,14527.86,SSISCA
2017-01-18,14240.04,SSISCA
2017-01-25,14547.21,SSISCA
2017-01-31,14541.96,SSISCA
2017-02-01,14541.06,SSISCA
2017-02-08,14845.43,SSISCA
2017-02-15,15055.73,SSISCA
2017-02-22,14862.28,SSISCA
2017-02-28,14740.81,SSISCA
2017-03-01,14757.08,SSISCA
2017-03-08,15000.05,SSISCA
2017-03-15,14980.59,SSISCA
2017-03-22,15103.62,SSISCA
2017-03-29,15371.97,SSISCA
2017-03-31,15565.07,SSISCA
2017-04-05,15577.58,SSISCA
2017-04-12,15555.02,SSISCA
2017-04-19,15297.63,SSISCA
2017-04-26,15170.07,SSISCA
2017-04-30,15379.82,SSISCA
2017-05-03,15474.55,SSISCA
2017-05-10,15726.55,SSISCA
2017-05-17,15890.01,SSISCA
2017-05-24,16318.28,SSISCA
2017-05-31,16517.97,SSISCA
2017-06-07,16946.34,SSISCA
2017-06-14,16870.0,SSISCA
2017-06-21,17451.13,SSISCA
2017-06-28,17417.66,SSISCA
2017-06-30,17500.46,SSISCA
2017-07-05,17556.75,SSISCA
2017-07-12,17433.57,SSISCA
2017-07-19,16921.49,SSISCA
2017-07-26,17117.66,SSISCA
2017-07-31,17292.58,SSISCA
2017-08-10,17091.74,SSISCA
2017-08-17,17410.94,SSISCA
2017-08-24,17217.47,SSISCA
2017-08-30,17514.23,SSISCA
2017-08-31,17579.39,SSISCA
2017-09-06,17604.19,SSISCA
2017-09-13,17680.87,SSISCA
2017-09-20,17763.26,SSISCA
2017-09-27,17727.4,SSISCA
2017-09-30,17810.51,SSISCA
2017-10-05,17843.04,SSISCA
2017-10-12,17951.3,SSISCA
2017-10-19,17917.62,SSISCA
2017-10-26,17623.87,SSISCA
2017-10-31,17525.55,SSISCA
2017-11-01,17392.17,SSISCA
2017-11-08,17697.07,SSISCA
2017-11-15,18087.02,SSISCA
2017-11-22,18392.91,SSISCA
2017-11-29,18779.97,SSISCA
2017-11-30,18963.66,SSISCA
2017-12-06,19077.49,SSISCA
2017-12-13,18436.85,SSISCA
2017-12-20,19288.14,SSISCA
2017-12-27,19551.75,SSISCA
2017-12-31,19818.75,SSISCA
2018-01-03,20191.49,SSISCA
2018-01-10,20897.45,SSISCA
2018-01-17,20737.88,SSISCA
2018-01-24,21760.64,SSISCA
2018-01-31,21885.35,SSISCA
2018-02-07,20703.68,SSISCA
2018-02-09,20412.59,SSISCA
2018-02-21,21416.22,SSISCA
2018-02-28,22198.66,SSISCA
2018-03-07,21851.65,SSISCA
2018-03-14,22040.55,SSISCA
2018-03-21,22419.05,SSISCA
2018-03-28,21870.09,SSISCA
2018-03-31,22091.93,SSISCA
2018-04-04,22184.49,SSISCA
2018-04-11,21823.82,SSISCA
2018-04-18,21289.72,SSISCA
2018-04-25,20093.61,SSISCA
2018-04-30,19706.88,SSISCA
2018-05-02,19465.11,SSISCA
2018-05-09,20102.75,SSISCA
2018-05-16,19964.08,SSISCA
2018-05-23,19189.88,SSISCA
2018-05-30,18438.57,SSISCA
2018-05-31,19003.24,SSISCA
2018-06-06,20392.44,SSISCA
2018-06-13,20175.04,SSISCA
2018-06-20,19101.99,SSISCA
2018-06-27,18899.76,SSISCA
2018-06-30,18334.83,SSISCA
2018-07-04,17263.81,SSISCA
2018-07-09,17022.78,SSISCA
2018-07-11,16517.1,SSISCA
2018-07-16,17042.02,SSISCA
2018-07-18,17737.97,SSISCA
2018-07-23,17672.75,SSISCA
2018-07-25,17337.44,SSISCA
2018-07-30,17982.74,SSISCA
2018-07-31,18070.24,SSISCA
2018-08-01,17974.78,SSISCA
2018-08-06,17853.72,SSISCA
2018-08-08,18003.42,SSISCA
2018-08-13,18418.9,SSISCA
2018-08-15,18187.43,SSISCA
2018-08-20,18296.68,SSISCA
2018-08-22,18508.18,SSISCA
2018-08-27,18726.37,SSISCA
2018-08-29,18784.68,SSISCA
2018-08-31,18827.97,SSISCA
2018-09-03,18826.06,SSISCA
2018-09-05,18390.81,SSISCA
2018-09-10,18566.73,SSISCA
2018-09-12,18768.02,SSISCA
2018-09-17,18826.48,SSISCA
2018-09-19,19061.09,SSISCA
2018-09-24,19487.97,SSISCA
2018-09-26,19498.3,SSISCA
2018-09-30,19637.89,SSISCA
2018-10-01,19543.35,SSISCA
2018-10-03,19443.14,SSISCA
2018-10-08,19476.46,SSISCA
2018-10-10,19422.19,SSISCA
2018-10-15,18699.53,SSISCA
2018-10-17,18972.52,SSISCA
2018-10-22,18583.49,SSISCA
2018-10-24,18013.37,SSISCA
2018-10-29,17538.71,SSISCA
2018-10-31,18048.39,SSISCA
2018-11-05,18166.37,SSISCA
2018-11-07,18010.23,SSISCA
2018-11-12,17773.38,SSISCA
2018-11-14,17560.58,SSISCA
2018-11-19,17777.75,SSISCA
2018-11-21,17950.9,SSISCA
2018-11-26,17696.87,SSISCA
2018-11-28,17809.83,SSISCA
2018-11-30,17703.32,SSISCA
2018-12-03,18158.17,SSISCA
2018-12-05,18139.68,SSISCA
2018-12-10,17953.06,SSISCA
2018-12-12,18054.19,SSISCA
2018-12-17,17659.38,SSISCA
2018-12-18,17659.38,SSISCA
2018-12-19,17324.83,SSISCA
2018-12-25,17344.95,SSISCA
2018-12-27,17138.77,SSISCA
2019-01-02,17427.63,SSISCA
2019-01-03,17262.04,SSISCA
2019-01-04,16896.37,SSISCA
2019-01-07,16940.54,SSISCA
2019-01-08,17012.85,SSISCA
2019-01-09,16963.16,SSISCA
2019-01-10,17176.41,SSISCA
2019-01-11,17159.62,SSISCA
2019-01-14,17193.84,SSISCA
2019-01-15,17162.41,SSISCA
2019-01-16,17284.4,SSISCA
2019-01-17,17188.01,SSISCA
2019-01-18,17076.28,SSISCA
2019-01-21,17105.6,SSISCA
2019-01-22,17311.0,SSISCA
2019-01-23,17215.94,SSISCA
2019-01-24,17225.95,SSISCA
2019-01-25,17206.16,SSISCA
2019-01-28,17162.19,SSISCA
2019-01-29,17233.88,SSISCA
2019-01-30,17321.85,SSISCA
2019-01-31,17271.85,SSISCA
2019-02-01,17253.26,SSISCA
2019-02-11,17257.92,SSISCA
2019-02-12,17587.87,SSISCA
2019-02-13,17673.7,SSISCA
2019-02-14,17853.89,SSISCA
2019-02-15,17852.19,SSISCA
2019-02-18,17907.56,SSISCA
2019-02-19,18076.6,SSISCA
2019-02-20,18042.07,SSISCA
2019-02-21,18115.62,SSISCA
2019-02-22,18167.51,SSISCA
2019-02-25,18212.04,SSISCA
2019-02-26,18370.07,SSISCA
2019-02-27,18363.31,SSISCA
2019-02-28,18401.06,SSISCA
2019-03-01,18162.31,SSISCA
2019-03-04,18383.33,SSISCA
2019-03-05,18587.42,SSISCA
2019-03-06,18452.41,SSISCA
2019-03-07,18499.48,SSISCA
2019-03-08,18383.48,SSISCA
2019-03-11,18367.11,SSISCA
2019-03-12,18391.04,SSISCA
2019-03-13,18573.0,SSISCA
2019-03-14,18659.94,SSISCA
2019-03-15,18702.81,SSISCA
2019-03-18,18522.26,SSISCA
2019-03-19,18610.27,SSISCA
2019-03-20,18552.04,SSISCA
2019-03-21,18555.34,SSISCA
2019-03-22,18374.02,SSISCA
2019-03-25,18381.95,SSISCA
2019-03-26,17984.23,SSISCA
2019-03-27,18009.59,SSISCA
2019-03-28,18185.69,SSISCA
2019-03-29,18313.68,SSISCA
2019-04-01,18282.21,SSISCA
2019-04-02,18243.74,SSISCA
2019-04-03,18254.73,SSISCA
2019-04-04,18299.57,SSISCA
2019-04-05,18373.2,SSISCA
2019-04-08,18415.59,SSISCA
2019-04-09,18490.65,SSISCA
2019-04-10,18274.75,SSISCA
2019-04-11,18082.87,SSISCA
2019-04-12,18091.98,SSISCA
2019-04-16,18198.42,SSISCA
2019-04-17,18045.19,SSISCA
2019-04-18,17987.49,SSISCA
2019-04-19,17862.02,SSISCA
2019-04-22,17938.61,SSISCA
2019-04-23,17817.58,SSISCA
2019-04-24,17841.33,SSISCA
2019-04-25,18079.21,SSISCA
2019-04-26,18042.91,SSISCA
2019-05-02,18186.49,SSISCA
2019-05-03,18214.81,SSISCA
2019-05-06,18174.48,SSISCA
2019-05-07,17874.57,SSISCA
2019-05-08,17855.1,SSISCA
2019-05-09,17739.43,SSISCA
2019-05-10,17654.08,SSISCA
2019-05-13,17708.91,SSISCA
2019-05-14,17737.35,SSISCA
2019-05-15,17791.68,SSISCA
2019-05-16,17905.04,SSISCA
2019-05-17,17867.84,SSISCA
2019-05-20,17830.13,SSISCA
2019-05-21,18032.55,SSISCA
2019-05-22,18051.58,SSISCA
2019-05-23,18037.93,SSISCA
2019-05-24,18126.71,SSISCA
2019-05-27,17977.61,SSISCA
2019-05-28,17935.16,SSISCA
2019-05-29,17924.05,SSISCA
2019-05-30,17826.95,SSISCA
2019-05-31,17829.61,SSISCA
2019-06-03,17645.17,SSISCA
2019-06-04,17344.46,SSISCA
2019-06-05,17342.64,SSISCA
2019-06-06,17375.75,SSISCA
2019-06-07,17310.03,SSISCA
2019-06-10,17592.31,SSISCA
2019-06-11,17609.73,SSISCA
2019-06-12,17631.76,SSISCA
2019-06-13,17558.66,SSISCA
2019-06-14,17505.28,SSISCA
2019-06-17,17467.45,SSISCA
2019-06-18,17315.7,SSISCA
2019-06-19,17348.67,SSISCA
2019-06-20,17495.19,SSISCA
2019-06-21,17686.27,SSISCA
2019-06-24,17669.99,SSISCA
2019-06-25,17603.06,SSISCA
2019-06-26,17608.84,SSISCA
2019-06-27,17660.25,SSISCA
2019-06-28,17467.87,SSISCA
2019-07-01,17795.28,SSISCA
2019-07-02,17743.75,SSISCA
2019-07-03,17737.52,SSISCA
2019-07-04,17702.68,SSISCA
2019-07-05,17853.67,SSISCA
2019-07-08,17816.73,SSISCA
2019-07-09,17655.28,SSISCA
2019-07-10,17744.38,SSISCA
2019-07-11,17777.99,SSISCA
2019-07-12,17870.31,SSISCA
2019-07-15,17925.6,SSISCA
2019-07-16,18023.97,SSISCA
2019-07-17,18114.3,SSISCA
2019-07-18,18084.55,SSISCA
2019-07-19,18139.16,SSISCA
2019-07-22,18216.66,SSISCA
2019-07-23,18213.67,SSISCA
2019-07-24,18464.71,SSISCA
2019-07-25,18422.9,SSISCA
2019-07-26,18481.72,SSISCA
2019-07-29,18404.25,SSISCA
2019-07-30,18289.81,SSISCA
2019-07-31,18020.42,SSISCA
2019-08-01,18271.16,SSISCA
2019-08-02,18372.63,SSISCA
2019-08-05,18382.43,SSISCA
2019-08-06,18364.14,SSISCA
2019-08-07,18186.06,SSISCA
2019-08-08,18348.04,SSISCA
2019-08-09,18577.47,SSISCA
2019-08-12,18704.34,SSISCA
2019-08-13,18724.72,SSISCA
2019-08-14,18738.69,SSISCA
2019-08-15,18786.87,SSISCA
2019-08-16,18882.94,SSISCA
2019-08-19,18901.86,SSISCA
2019-08-20,18908.24,SSISCA
2019-08-21,18984.58,SSISCA
2019-08-22,19021.67,SSISCA
2019-08-23,18951.43,SSISCA
2019-08-26,18943.11,SSISCA
2019-08-27,18884.42,SSISCA
2019-08-28,18826.32,SSISCA
2019-08-29,18747.4,SSISCA
2019-08-30,18776.4,SSISCA
2019-08-31,18857.7,SSISCA
2019-09-03,18855.43,SSISCA
2019-09-04,18678.95,SSISCA
2019-09-05,18622.58,SSISCA
2019-09-06,18550.43,SSISCA
2019-09-09,18557.33,SSISCA
2019-09-10,18475.03,SSISCA
2019-09-11,18387.65,SSISCA
2019-09-12,18507.48,SSISCA
2019-09-13,18777.2,SSISCA
2019-09-16,19020.23,SSISCA
2019-09-17,19060.19,SSISCA
2019-09-18,19082.26,SSISCA
2019-09-19,19038.03,SSISCA
2019-09-20,19176.77,SSISCA
2019-09-23,19187.12,SSISCA
2019-09-24,18984.82,SSISCA
2019-09-25,18972.39,SSISCA
2019-09-26,19118.0,SSISCA
2019-09-27,19262.07,SSISCA
2019-09-30,19355.12,SSISCA
2019-10-01,19277.1,SSISCA
2019-10-02,19349.91,SSISCA
2019-10-03,19212.71,SSISCA
2019-10-04,19198.36,SSISCA
2019-10-07,19066.58,SSISCA
2019-10-08,18862.16,SSISCA
2019-10-09,19016.93,SSISCA
2019-10-10,19074.32,SSISCA
2019-10-11,19056.64,SSISCA
2019-10-14,19059.74,SSISCA
2019-10-15,19141.15,SSISCA
2019-10-16,19160.32,SSISCA
2019-10-17,19089.22,SSISCA
2019-10-18,18995.53,SSISCA
2019-10-21,18966.22,SSISCA
2019-10-22,18786.62,SSISCA
2019-10-23,18855.09,SSISCA
2019-10-24,18851.7,SSISCA
2019-10-25,19084.75,SSISCA
2019-10-28,19066.24,SSISCA
2019-10-29,19084.07,SSISCA
2019-10-30,19065.29,SSISCA
2019-10-31,19045.11,SSISCA
2019-11-01,18993.06,SSISCA
2019-11-04,19068.14,SSISCA
2019-11-05,19181.96,SSISCA
2019-11-06,19169.82,SSISCA
2019-11-07,19183.28,SSISCA
2019-11-08,19273.13,SSISCA
2019-11-11,19242.39,SSISCA
2019-11-12,19196.19,SSISCA
2019-11-13,19243.59,SSISCA
2019-11-14,19191.14,SSISCA
2019-11-15,18982.19,SSISCA
2019-11-18,19037.85,SSISCA
2019-11-19,18914.69,SSISCA
2019-11-20,19042.81,SSISCA
2019-11-21,18903.16,SSISCA
2019-11-22,18725.62,SSISCA
2019-11-25,18508.74,SSISCA
2019-11-26,18473.99,SSISCA
2019-11-27,18569.76,SSISCA
2019-11-28,18534.33,SSISCA
2019-11-29,18315.07,SSISCA
2019-11-30,18386.12,SSISCA
2019-12-02,18385.03,SSISCA
2019-12-03,18128.93,SSISCA
2019-12-04,18166.46,SSISCA
2019-12-05,18431.46,SSISCA
2019-12-06,18268.02,SSISCA
2019-12-09,18346.31,SSISCA
2019-12-10,18308.26,SSISCA
2019-12-11,18275.76,SSISCA
2019-12-12,18379.9,SSISCA
2019-12-13,18388.95,SSISCA
2019-12-16,18323.06,SSISCA
2019-12-17,18267.96,SSISCA
2019-12-18,18104.88,SSISCA
2019-12-19,17942.75,SSISCA
2019-12-20,18015.88,SSISCA
2019-12-23,17979.05,SSISCA
2019-12-24,17928.58,SSISCA
2019-12-25,17933.92,SSISCA
2019-12-26,18080.2,SSISCA
2019-12-27,18030.16,SSISCA
2019-12-30,18108.55,SSISCA
2019-12-31,18179.58,SSISCA
2019-12-31,18109.47,SSISCA
2020-01-02,18108.4,SSISCA
2020-01-03,18299.64,SSISCA
2020-01-05,21756.12,SSISCA
2020-01-06,21956.99,SSISCA
2020-01-07,18107.33,SSISCA
2020-01-08,18168.74,SSISCA
2020-01-09,17827.28,SSISCA
2020-01-10,18059.69,SSISCA
2020-01-13,18119.8,SSISCA
2020-01-14,18116.66,SSISCA
2020-01-15,18180.95,SSISCA
2020-01-16,18129.72,SSISCA
2020-01-17,18290.52,SSISCA
2020-01-20,18258.43,SSISCA
2020-01-21,18357.19,SSISCA
2020-01-22,18466.68,SSISCA
2020-01-30,18570.15,SSISCA
2020-01-31,17588.95,SSISCA
2020-01-31,18058.17,SSISCA
2020-02-03,17586.83,SSISCA
2020-02-04,17235.76,SSISCA
2020-02-05,17178.36,SSISCA
2020-02-06,17198.42,SSISCA
2020-02-07,17549.09,SSISCA
2020-02-10,17520.22,SSISCA
2020-02-11,17386.37,SSISCA
2020-02-12,17506.03,SSISCA
2020-02-13,17800.88,SSISCA
2020-02-14,17786.28,SSISCA
2020-02-17,17822.54,SSISCA
2020-02-18,17795.36,SSISCA
2020-02-19,17905.44,SSISCA
2020-02-20,17993.13,SSISCA
2020-02-21,18074.62,SSISCA
2020-02-24,17963.0,SSISCA
2020-02-25,17396.56,SSISCA
2020-02-26,17516.0,SSISCA
2020-02-27,17394.79,SSISCA
2020-02-28,17561.57,SSISCA
2020-02-29,17419.42,SSISCA
2020-03-02,17418.38,SSISCA
2020-03-03,17454.64,SSISCA
2020-03-04,17539.47,SSISCA
2020-03-05,17538.63,SSISCA
2020-03-06,17540.53,SSISCA
2020-03-09,17470.0,SSISCA
2020-03-10,16316.39,SSISCA
2020-03-11,16469.48,SSISCA
2020-03-12,15935.03,SSISCA
2020-03-13,15021.59,SSISCA
2020-03-16,14828.09,SSISCA
2020-03-17,14553.95,SSISCA
2020-03-18,14747.7,SSISCA
2020-03-19,14851.19,SSISCA
2020-03-20,14502.57,SSISCA
2020-03-23,14446.98,SSISCA
2020-03-24,13411.89,SSISCA
2020-03-25,13293.71,SSISCA
2020-03-26,13857.37,SSISCA
2020-03-27,13405.77,SSISCA
2020-03-30,13111.98,SSISCA
2020-03-31,12593.19,SSISCA
2020-03-31,12610.33,SSISCA
2020-04-01,12593.19,SSISCA
2020-04-02,12916.2,SSISCA
2020-04-03,12915.37,SSISCA
2020-04-06,13343.9,SSISCA
2020-04-07,14046.11,SSISCA
2020-04-08,14205.71,SSISCA
2020-04-09,14202.97,SSISCA
2020-04-10,14317.26,SSISCA
2020-04-13,14319.77,SSISCA
2020-04-14,14552.51,SSISCA
2020-04-15,14715.96,SSISCA
2020-04-16,14936.1,SSISCA
2020-04-17,15064.26,SSISCA
2020-04-20,15451.85,SSISCA
2020-04-21,15686.67,SSISCA
2020-04-22,15222.15,SSISCA
2020-04-23,15409.63,SSISCA
2020-04-24,15515.19,SSISCA
2020-04-27,15595.58,SSISCA
2020-04-28,15673.53,SSISCA
2020-04-29,15642.69,SSISCA
2020-04-30,15641.85,SSISCA
2020-05-04,15640.37,SSISCA
2020-05-05,15491.02,SSISCA
2020-05-06,15469.49,SSISCA
2020-05-07,15636.73,SSISCA
2020-05-08,15782.05,SSISCA
2020-05-11,15865.76,SSISCA
2020-05-12,15939.82,SSISCA
2020-05-13,16004.29,SSISCA
2020-05-14,16130.67,SSISCA
2020-05-15,16083.04,SSISCA
2020-05-18,15971.13,SSISCA
2020-05-19,16195.67,SSISCA
2020-05-20,16367.3,SSISCA
2020-05-21,16460.97,SSISCA
2020-05-22,16534.3,SSISCA
2020-05-25,16467.67,SSISCA
2020-05-26,16610.8,SSISCA
2020-05-27,16756.33,SSISCA
2020-05-28,16613.94,SSISCA
2020-05-29,16628.62,SSISCA
2020-05-31,16649.02,SSISCA
2020-06-01,16649.02,SSISCA
2020-06-02,16691.73,SSISCA
2020-06-03,16715.67,SSISCA
2020-06-04,16817.94,SSISCA
2020-06-05,16768.39,SSISCA
2020-06-08,16788.46,SSISCA
2020-06-09,17018.07,SSISCA
2020-06-10,16905.12,SSISCA
2020-06-11,16946.2,SSISCA
2020-06-12,16501.84,SSISCA
2020-06-15,16560.55,SSISCA
2020-06-16,16244.8,SSISCA
2020-06-17,16456.42,SSISCA
2020-06-18,16450.11,SSISCA
2020-06-19,16524.6,SSISCA
2020-06-22,16621.06,SSISCA
2020-06-23,16665.07,SSISCA
2020-06-24,16653.77,SSISCA
2020-06-25,16641.36,SSISCA
2020-06-26,16560.46,SSISCA
2020-06-29,16589.34,SSISCA
2020-06-30,16388.44,SSISCA
2020-06-30,16342.6,SSISCA
2020-07-01,16388.44,SSISCA
2020-07-02,16511.52,SSISCA
2020-07-03,16589.23,SSISCA
2020-07-06,16626.14,SSISCA
2020-07-07,16648.87,SSISCA
2020-07-08,16695.4,SSISCA
2020-07-09,16710.14,SSISCA
2020-07-10,16778.73,SSISCA
2020-07-13,16700.29,SSISCA
2020-07-14,16719.08,SSISCA
2020-07-15,16791.48,SSISCA
2020-07-16,16800.81,SSISCA
2020-07-17,16796.67,SSISCA
2020-07-20,16822.74,SSISCA
2020-07-21,16717.89,SSISCA
2020-07-22,16746.94,SSISCA
2020-07-23,16685.09,SSISCA
2020-07-24,16695.38,SSISCA
2020-07-27,16340.31,SSISCA
2020-07-28,15835.15,SSISCA
2020-07-29,16206.34,SSISCA
2020-07-30,15969.02,SSISCA
2020-07-31,16088.59,SSISCA
2020-07-31,16092.57,SSISCA
2020-08-03,16087.89,SSISCA
2020-08-04,16323.84,SSISCA
2020-08-05,16367.82,SSISCA
2020-08-06,16535.71,SSISCA
2020-08-07,16497.95,SSISCA
2020-08-10,16503.47,SSISCA
2020-08-11,16553.63,SSISCA
2020-08-12,16559.57,SSISCA
2020-08-13,16568.47,SSISCA
2020-08-14,16699.45,SSISCA
2020-08-17,16703.55,SSISCA
2020-08-18,16731.83,SSISCA
2020-08-19,16755.38,SSISCA
2020-08-20,16855.5,SSISCA
2020-08-21,16858.66,SSISCA
2020-08-24,16899.9,SSISCA
2020-08-25,17091.84,SSISCA
2020-08-26,17235.6,SSISCA
2020-08-27,17213.26,SSISCA
2020-08-28,17311.09,SSISCA
2020-08-31,17328.45,SSISCA
2020-08-31,17375.68,SSISCA
2020-09-01,17328.45,SSISCA
2020-09-03,17383.0,SSISCA
2020-09-04,17462.73,SSISCA
2020-09-07,17405.0,SSISCA
2020-09-08,17198.35,SSISCA
2020-09-09,17275.95,SSISCA
2020-09-10,17277.87,SSISCA
2020-09-11,17334.06,SSISCA
2020-09-14,17352.61,SSISCA
2020-09-15,17398.93,SSISCA
2020-09-16,17430.63,SSISCA
2020-09-17,17481.39,SSISCA
2020-09-18,17500.28,SSISCA
2020-09-21,17573.6,SSISCA
2020-09-22,17647.08,SSISCA
2020-09-23,17634.18,SSISCA
2020-09-24,17719.69,SSISCA
2020-09-25,17709.44,SSISCA
2020-09-28,17703.89,SSISCA
2020-09-29,17774.03,SSISCA
2020-09-30,17867.83,SSISCA
2020-09-30,17716.78,SSISCA
2020-10-01,17867.83,SSISCA
2020-10-02,17970.99,SSISCA
2020-10-05,17876.68,SSISCA
2020-10-06,18024.51,SSISCA
2020-10-07,18138.72,SSISCA
2020-10-08,18170.88,SSISCA
2020-10-09,18190.27,SSISCA
2020-10-12,18211.38,SSISCA
2020-10-13,18112.92,SSISCA
2020-10-14,18094.01,SSISCA
2020-10-15,18150.61,SSISCA
2020-10-16,18187.75,SSISCA
2020-10-19,18239.32,SSISCA
2020-10-20,18199.85,SSISCA
2020-10-21,18200.78,SSISCA
2020-10-22,18140.06,SSISCA
2020-10-23,18264.25,SSISCA
2020-10-26,18390.65,SSISCA
2020-10-27,18409.59,SSISCA
2020-10-28,18386.74,SSISCA
2020-10-29,18057.92,SSISCA
2020-10-30,18093.02,SSISCA
2020-10-31,18172.9,SSISCA
2020-11-02,18172.42,SSISCA
2020-11-02,18172.42,SSISCA
2020-11-03,18227.71,SSISCA
2020-11-03,18227.71,SSISCA
2020-11-04,18292.79,SSISCA
2020-11-04,18292.79,SSISCA
2020-11-05,18342.74,SSISCA
2020-11-06,18300.53,SSISCA
2020-11-06,18300.53,SSISCA
2020-11-09,18329.08,SSISCA
2020-11-09,18329.08,SSISCA
2020-11-10,18578.0,SSISCA
2020-11-10,18578.0,SSISCA
2020-11-11,18649.96,SSISCA
2020-11-11,18649.96,SSISCA
2020-11-12,18677.54,SSISCA
2020-11-12,18677.54,SSISCA
2020-11-13,18696.37,SSISCA
2020-11-16,18811.42,SSISCA
2020-11-17,18693.44,SSISCA
2020-11-18,18933.45,SSISCA
2020-11-19,19002.09,SSISCA
2020-11-20,19156.54,SSISCA
2020-11-23,19190.79,SSISCA
2020-11-24,19469.69,SSISCA
2020-11-25,19582.13,SSISCA
2020-11-26,19500.56,SSISCA
2020-11-27,19378.43,SSISCA
2020-11-30,19599.48,SSISCA
2020-12-01,19568.95,SSISCA
2020-12-02,19656.64,SSISCA
2020-12-03,19671.83,SSISCA
2020-12-04,19733.53,SSISCA
2020-12-07,19695.38,SSISCA
2020-12-08,19827.11,SSISCA
2020-12-09,19803.25,SSISCA
2020-12-10,19965.29,SSISCA
2020-12-11,19842.45,SSISCA
2020-12-14,19980.73,SSISCA
2020-12-16,20223.67,SSISCA
2020-12-17,20424.94,SSISCA
2020-12-18,20816.23,SSISCA
2020-12-22,21089.18,SSISCA
2020-12-23,21218.23,SSISCA
2020-12-24,21187.98,SSISCA
2020-12-25,21015.24,SSISCA
2020-12-28,21233.23,SSISCA
2020-12-29,21265.02,SSISCA
2020-12-30,21334.18,SSISCA
2020-12-31,21344.1,SSISCA
2021-01-07,21994.85,SSISCA
2021-01-08,22062.59,SSISCA
2021-01-11,22200.48,SSISCA
2021-01-12,22472.87,SSISCA
2021-01-13,22782.59,SSISCA
2021-01-14,22741.58,SSISCA
2021-01-15,22752.92,SSISCA
2021-01-18,22804.57,SSISCA
2021-01-19,22670.56,SSISCA
2021-01-20,21683.12,SSISCA
2021-01-21,21856.14,SSISCA
2021-01-22,22373.2,SSISCA
2021-01-25,22501.58,SSISCA
2021-01-26,22698.06,SSISCA
2021-01-27,22423.43,SSISCA
2021-01-28,21834.98,SSISCA
2021-01-29,20373.1,SSISCA
2021-02-01,21338.06,SSISCA
2021-02-02,20811.51,SSISCA
2021-02-03,21513.21,SSISCA
2021-02-04,22093.85,SSISCA
2021-02-05,22228.07,SSISCA
2021-02-08,22442.84,SSISCA
2021-02-09,21907.6,SSISCA
2021-02-17,22416.37,SSISCA
2021-02-18,23268.77,SSISCA
2021-02-19,23547.68,SSISCA
2021-02-22,23539.0,SSISCA
2021-02-23,23522.7,SSISCA
2021-02-24,23462.63,SSISCA
2021-02-25,23328.09,SSISCA
2021-02-26,23484.35,SSISCA
2021-03-01,23708.26,SSISCA
2021-03-02,23955.36,SSISCA
2021-03-03,24004.07,SSISCA
2021-03-04,24080.21,SSISCA
2021-03-05,23638.42,SSISCA
2021-03-08,23746.3,SSISCA
2021-03-09,23765.58,SSISCA
2021-03-10,23730.38,SSISCA
2021-03-11,23905.76,SSISCA
2021-03-12,24136.71,SSISCA
2021-03-15,24073.66,SSISCA
2021-03-16,24203.22,SSISCA
2021-03-17,24310.97,SSISCA
2021-03-18,24394.7,SSISCA
2021-03-19,24490.33,SSISCA
2021-03-22,24562.28,SSISCA
2021-03-23,24426.0,SSISCA
2021-03-24,24311.6,SSISCA
2021-03-25,23831.52,SSISCA
2021-03-26,23727.87,SSISCA
2021-03-29,23692.37,SSISCA
2021-03-30,23949.41,SSISCA
2021-04-01,24070.88,SSISCA
2021-04-02,24504.34,SSISCA
2021-04-05,24558.54,SSISCA
2021-04-06,24603.43,SSISCA
2021-04-07,24619.71,SSISCA
2021-04-08,24706.41,SSISCA
2021-04-09,24608.14,SSISCA
2021-04-13,25060.93,SSISCA
2021-04-14,24744.13,SSISCA
2021-04-15,24940.54,SSISCA
2021-04-16,24751.68,SSISCA
2021-04-19,24554.72,SSISCA
2021-04-20,25033.57,SSISCA
2021-04-22,25142.18,SSISCA
2021-04-23,24618.16,SSISCA
2021-04-26,25037.29,SSISCA
2021-04-28,24623.24,SSISCA
2021-04-29,24735.65,SSISCA
2021-05-04,24936.38,SSISCA
2021-05-05,25082.95,SSISCA
2021-05-06,25318.31,SSISCA
2021-05-07,25346.75,SSISCA
2021-05-10,25281.2,SSISCA
2021-05-11,25640.78,SSISCA
2021-05-12,25480.04,SSISCA
2021-05-13,25754.63,SSISCA
2021-05-14,25577.45,SSISCA
2021-05-17,25689.17,SSISCA
2021-05-18,25587.9,SSISCA
2021-05-19,25734.22,SSISCA
2021-05-20,26140.36,SSISCA
2021-05-21,26573.16,SSISCA
2021-05-24,26520.54,SSISCA
2021-05-25,26688.26,SSISCA
2021-05-26,26975.77,SSISCA
2021-05-27,27103.2,SSISCA
2021-05-28,26818.98,SSISCA
2021-05-31,27063.15,SSISCA
2021-06-01,27394.9,SSISCA
2021-06-02,27595.64,SSISCA
2021-06-03,27634.15,SSISCA
2021-06-04,27968.4,SSISCA
2021-06-07,27981.7,SSISCA
2021-06-08,27600.59,SSISCA
2021-06-09,27031.3,SSISCA
2021-06-10,27207.0,SSISCA
2021-06-11,27208.16,SSISCA
2021-06-14,27811.03,SSISCA
2021-06-15,28035.11,SSISCA
2021-06-16,28051.0,SSISCA
2021-06-17,27915.52,SSISCA
2021-06-18,28007.76,SSISCA
2021-06-21,28321.19,SSISCA
2021-06-22,28353.91,SSISCA
2021-06-23,28488.6,SSISCA
2021-06-24,28314.33,SSISCA
2021-06-25,28215.36,SSISCA
2021-06-28,28283.46,SSISCA
2021-06-29,28545.93,SSISCA
2021-06-30,28640.97,SSISCA
2021-07-01,28685.42,SSISCA
2021-07-02,28832.7,SSISCA
2021-07-05,29078.76,SSISCA
2021-07-06,29251.19,SSISCA
2021-07-07,28057.7,SSISCA
2021-07-08,28780.92,SSISCA
2021-07-09,28747.8,SSISCA
2021-07-12,28554.62,SSISCA
2021-07-13,27956.25,SSISCA
2021-07-14,28070.86,SSISCA
2021-07-15,27613.71,SSISCA
2021-07-16,27909.15,SSISCA
2021-07-19,28079.96,SSISCA
2021-07-20,27191.1,SSISCA
2021-07-21,27916.95,SSISCA
2021-07-22,27994.25,SSISCA
2021-07-23,28397.49,SSISCA
2021-07-26,28025.55,SSISCA
2021-07-27,28172.68,SSISCA
2021-07-28,28265.51,SSISCA
2021-07-29,28263.44,SSISCA
2021-07-30,28650.82,SSISCA
2021-08-02,28973.49,SSISCA
2021-08-03,29148.13,SSISCA
2021-08-04,29267.27,SSISCA
2021-08-05,29318.65,SSISCA
2021-08-06,29613.04,SSISCA
2021-08-09,29499.57,SSISCA
2021-08-10,29934.64,SSISCA
2021-08-11,29940.04,SSISCA
2021-08-12,29892.22,SSISCA
2021-08-13,29598.98,SSISCA
2021-08-16,29791.75,SSISCA
2021-08-17,30124.22,SSISCA
2021-08-18,30028.55,SSISCA
2021-08-19,30057.77,SSISCA
2021-08-20,30222.82,SSISCA
2021-08-23,29431.28,SSISCA
2021-08-24,28820.8,SSISCA
2021-08-25,28848.17,SSISCA
2021-08-26,29021.8,SSISCA
2021-08-27,28962.82,SSISCA
2021-08-30,29185.91,SSISCA
2021-08-31,29505.19,SSISCA
2021-09-01,29633.97,SSISCA
2021-09-06,29630.44,SSISCA
2021-09-07,30020.34,SSISCA
2021-09-08,29845.62,SSISCA
2021-09-09,29780.72,SSISCA
2021-09-10,30155.01,SSISCA
2021-09-13,30154.32,SSISCA
2021-09-14,30139.59,SSISCA
2021-09-15,30051.64,SSISCA
2021-09-16,30203.74,SSISCA
2021-09-17,30241.73,SSISCA
2021-09-20,30364.24,SSISCA
2021-09-21,30147.33,SSISCA
2021-09-22,29911.97,SSISCA
2021-09-23,30086.55,SSISCA
2021-09-24,30286.01,SSISCA
2021-09-27,30206.46,SSISCA
2021-09-28,29746.89,SSISCA
2021-09-29,29995.62,SSISCA
2021-09-30,30140.44,SSISCA
2021-10-01,30159.51,SSISCA
2021-10-04,30031.77,SSISCA
2021-10-05,30354.41,SSISCA
2021-10-06,30579.6,SSISCA
2021-10-07,30844.8,SSISCA
2021-10-08,30793.8,SSISCA
2021-10-11,30883.63,SSISCA
2021-10-12,31219.55,SSISCA
2021-10-13,31209.18,SSISCA
2021-10-14,31233.56,SSISCA
2021-10-15,31260.73,SSISCA
2021-10-18,31280.03,SSISCA
2021-10-19,31175.01,SSISCA
2021-10-20,31098.71,SSISCA
2021-10-21,31054.39,SSISCA
2021-10-22,30957.53,SSISCA
2021-10-25,30988.81,SSISCA
2021-10-26,30791.69,SSISCA
2021-10-27,31003.58,SSISCA
2021-10-28,31555.44,SSISCA
2021-10-29,31786.68,SSISCA
2021-11-01,31917.15,SSISCA
2021-11-02,31763.67,SSISCA
2021-11-03,31820.05,SSISCA
2021-11-04,31690.44,SSISCA
2021-11-05,31830.69,SSISCA
2021-11-08,32094.9,SSISCA
2021-11-09,32351.29,SSISCA
2021-11-10,32278.28,SSISCA
2021-11-11,32335.0,SSISCA
2021-11-12,32306.79,SSISCA
2021-11-15,32552.68,SSISCA
2021-11-16,32629.44,SSISCA
2021-11-17,32461.93,SSISCA
2021-11-18,32567.19,SSISCA
2021-11-19,32259.22,SSISCA
2021-11-22,31782.91,SSISCA
2021-11-23,31573.25,SSISCA
2021-11-24,32007.16,SSISCA
2021-11-25,32502.56,SSISCA
2021-11-26,32683.11,SSISCA
2021-11-29,32397.51,SSISCA
2021-11-30,32165.65,SSISCA
2021-12-01,32195.17,SSISCA
2021-12-02,32345.95,SSISCA
2021-12-03,32110.89,SSISCA
2021-12-06,31386.54,SSISCA
2021-12-07,30608.47,SSISCA
2021-12-08,31207.94,SSISCA
2021-12-09,31251.73,SSISCA
2021-12-10,31559.53,SSISCA
2021-12-13,31508.07,SSISCA
2021-12-14,31653.65,SSISCA
2021-12-15,31652.75,SSISCA
2021-12-16,31720.54,SSISCA
2021-12-17,31627.36,SSISCA
2021-12-19,31639.22,SSISCA
2021-12-21,31434.58,SSISCA
2021-12-22,31525.52,SSISCA
2021-12-23,31397.14,SSISCA
2021-12-24,31148.23,SSISCA
2021-12-27,31432.31,SSISCA
2021-12-28,31651.01,SSISCA
2021-12-29,31854.51,SSISCA
2021-12-30,31753.05,SSISCA
2021-12-31,31881.89,SSISCA
2022-01-04,32190.36,SSISCA
2022-01-05,32565.53,SSISCA
2022-01-06,32517.02,SSISCA
2022-01-07,32470.69,SSISCA
2022-01-10,32308.48,SSISCA
2022-01-11,31777.96,SSISCA
2022-01-12,31564.68,SSISCA
2022-01-13,32076.39,SSISCA
2022-01-14,31964.51,SSISCA
2022-01-17,31852.03,SSISCA
2022-01-18,30783.63,SSISCA
2022-01-19,30794.76,SSISCA
2022-01-20,30856.11,SSISCA
2022-01-21,31262.97,SSISCA
2022-01-24,31323.28,SSISCA
2022-01-25,30519.36,SSISCA
2022-01-26,31251.06,SSISCA
2022-01-27,31357.74,SSISCA
2022-01-28,31177.7,SSISCA
2022-02-07,31343.0,SSISCA
2022-02-08,31610.3,SSISCA
2022-02-09,31977.01,SSISCA
2022-02-10,32302.97,SSISCA
2022-02-11,32302.2,SSISCA
2022-02-14,32310.43,SSISCA
2022-02-15,31653.31,SSISCA
2022-02-16,31873.53,SSISCA
2022-02-17,31928.74,SSISCA
2022-02-18,32171.78,SSISCA
2022-02-21,32097.1,SSISCA
2022-02-22,32198.89,SSISCA
2022-02-23,32223.02,SSISCA
2022-02-24,32399.47,SSISCA
2022-02-25,32012.88,SSISCA
2022-02-28,32065.3,SSISCA
2022-03-01,32108.93,SSISCA
2022-03-02,32098.43,SSISCA
2022-03-03,31796.2,SSISCA
2022-03-04,32318.59,SSISCA
2022-03-07,32327.6,SSISCA
2022-03-08,32244.95,SSISCA
2022-03-09,31970.07,SSISCA
2022-03-10,31947.09,SSISCA
2022-03-11,31989.96,SSISCA
2022-03-14,31870.95,SSISCA
2022-03-15,31434.34,SSISCA
2022-03-16,31516.81,SSISCA
2022-03-17,31661.61,SSISCA
2022-03-18,31603.07,SSISCA
2022-03-21,31833.55,SSISCA
2022-03-22,32219.94,SSISCA
2022-03-23,32428.98,SSISCA
2022-03-24,32530.52,SSISCA
2022-03-25,32538.24,SSISCA
2022-03-28,32802.91,SSISCA
2022-03-29,32985.16,SSISCA
2022-03-30,33633.47,SSISCA
2022-03-31,33529.11,SSISCA
2022-04-01,33592.64,SSISCA
2022-04-04,34391.77,SSISCA
2022-04-05,34326.16,SSISCA
2022-04-06,34240.72,SSISCA
2022-04-07,34573.0,SSISCA
2022-04-08,34176.49,SSISCA
2022-04-12,33535.61,SSISCA
2022-04-13,33028.2,SSISCA
2022-04-14,33733.42,SSISCA
2022-04-15,33990.92,SSISCA
2022-04-18,33814.11,SSISCA
2022-04-19,33405.62,SSISCA
2022-04-20,32917.79,SSISCA
2022-04-21,32494.26,SSISCA
2022-04-22,32290.89,SSISCA
2022-04-25,31940.24,SSISCA
2022-04-26,29911.96,SSISCA
2022-04-27,30791.58,SSISCA
2022-04-28,30952.33,SSISCA
2022-04-29,31100.24,SSISCA
2022-05-04,31374.97,SSISCA
2022-05-05,30986.54,SSISCA
2022-05-06,31153.95,SSISCA
2022-05-09,30465.72,SSISCA
2022-05-10,28742.87,SSISCA
2022-05-11,29433.88,SSISCA
2022-05-12,29816.75,SSISCA
2022-05-13,28315.4,SSISCA
2022-05-16,26928.79,SSISCA
2022-05-17,26796.11,SSISCA
2022-05-18,28351.56,SSISCA
2022-05-19,28537.29,SSISCA
2022-05-20,28390.16,SSISCA
2022-05-23,28417.36,SSISCA
2022-05-24,27971.71,SSISCA
2022-05-25,28172.05,SSISCA
2022-05-26,29186.93,SSISCA
2022-05-27,29344.54,SSISCA
2022-05-30,30048.09,SSISCA
2022-05-31,30177.89,SSISCA
2022-06-01,30068.83,SSISCA
2022-06-02,30232.67,SSISCA
2022-06-03,30050.04,SSISCA
2022-06-06,30379.23,SSISCA
2022-06-07,30442.58,SSISCA
2022-06-08,30675.55,SSISCA
2022-06-09,30983.94,SSISCA
2022-06-10,31064.17,SSISCA
2022-06-13,30374.35,SSISCA
2022-06-14,28938.61,SSISCA
2022-06-15,29196.19,SSISCA
2022-06-16,29067.77,SSISCA
2022-06-17,29689.67,SSISCA
2022-06-20,29299.14,SSISCA
2022-06-21,28309.15,SSISCA
2022-06-22,27908.53,SSISCA
2022-06-23,27684.56,SSISCA
2022-06-24,28327.84,SSISCA
2022-06-27,28235.29,SSISCA
2022-06-28,28569.63,SSISCA
2022-06-29,28973.43,SSISCA
2022-06-30,29035.97,SSISCA
2022-07-01,28498.36,SSISCA
2022-07-04,28552.52,SSISCA
2022-07-05,28357.51,SSISCA
2022-07-06,28088.09,SSISCA
2022-07-07,27581.58,SSISCA
2022-07-08,27699.85,SSISCA
2022-07-11,27910.71,SSISCA
2022-07-12,27633.29,SSISCA
2022-07-13,27956.94,SSISCA
2022-07-14,27948.67,SSISCA
2022-07-15,28008.69,SSISCA
2022-07-18,27909.26,SSISCA
2022-07-19,27910.96,SSISCA
2022-07-20,27776.96,SSISCA
2022-07-21,28114.05,SSISCA
2022-07-22,28311.75,SSISCA
2022-07-25,28210.08,SSISCA
2022-07-26,28008.76,SSISCA
2022-07-27,27914.31,SSISCA
2022-07-28,27912.08,SSISCA
2022-07-29,28143.49,SSISCA
2022-08-01,28060.67,SSISCA
2022-08-02,28560.34,SSISCA
2022-08-03,28653.7,SSISCA
2022-08-04,28861.95,SSISCA
2022-08-05,28980.02,SSISCA
2022-08-08,28944.78,SSISCA
2022-08-09,29075.69,SSISCA
2022-08-10,29189.1,SSISCA
2022-08-11,29096.19,SSISCA
2022-08-12,28953.54,SSISCA
2022-08-15,29132.98,SSISCA
2022-08-16,29536.1,SSISCA
2022-08-17,29731.97,SSISCA
2022-08-18,29630.39,SSISCA
2022-08-19,29551.8,SSISCA
2022-08-22,29373.0,SSISCA
2022-08-23,29478.87,SSISCA
2022-08-24,29712.79,SSISCA
2022-08-25,29751.63,SSISCA
2022-08-26,30050.94,SSISCA
2022-08-29,30125.17,SSISCA
2022-08-30,30004.47,SSISCA
2022-08-31,30063.77,SSISCA
2022-09-05,30150.87,SSISCA
2022-09-06,30074.62,SSISCA
2022-09-07,30022.52,SSISCA
2022-09-08,29347.08,SSISCA
2022-09-09,29357.69,SSISCA
2022-09-12,29561.06,SSISCA
2022-09-13,29679.46,SSISCA
2022-09-14,29682.38,SSISCA
2022-09-15,29569.47,SSISCA
2022-09-16,29542.93,SSISCA
2022-09-19,29097.02,SSISCA
2022-09-20,28611.02,SSISCA
2022-09-21,28932.35,SSISCA
2022-09-22,28692.5,SSISCA
2022-09-23,28859.24,SSISCA
2022-09-26,28676.98,SSISCA
2022-09-27,28120.65,SSISCA
2022-09-28,27975.58,SSISCA
2022-09-29,27340.33,SSISCA
2022-09-30,26972.7,SSISCA
2022-10-03,27274.4,SSISCA
2022-10-04,25912.51,SSISCA
2022-10-05,25795.14,SSISCA
2022-10-06,26271.53,SSISCA
2022-10-07,25241.59,SSISCA
2022-10-10,24112.23,SSISCA
2022-10-11,24504.68,SSISCA
2022-10-12,23452.02,SSISCA
2022-10-13,24232.06,SSISCA
2022-10-14,24568.97,SSISCA
2022-10-17,25004.82,SSISCA
2022-10-18,24950.94,SSISCA
2022-10-19,25083.01,SSISCA
2022-10-20,25025.73,SSISCA
2022-10-21,25057.18,SSISCA
2022-10-24,23710.11,SSISCA
2022-10-25,22612.67,SSISCA
2022-10-26,23022.18,SSISCA
2022-10-27,23035.91,SSISCA
2022-10-28,23860.67,SSISCA
2022-10-31,23803.06,SSISCA
2022-11-01,23553.95,SSISCA
2022-11-02,23469.09,SSISCA
2022-11-03,23164.2,SSISCA
2022-11-04,23253.94,SSISCA
2022-11-07,22687.33,SSISCA
2022-11-08,21827.99,SSISCA
2022-11-09,21983.64,SSISCA
2022-11-10,22024.24,SSISCA
2022-11-11,20884.7,SSISCA
2022-11-14,20953.48,SSISCA
2022-11-15,20277.09,SSISCA
2022-11-16,19102.22,SSISCA
2022-11-17,20176.41,SSISCA
2022-11-18,20830.46,SSISCA
2022-11-21,21076.88,SSISCA
2022-11-22,20928.65,SSISCA
2022-11-23,20967.78,SSISCA
2022-11-24,20962.0,SSISCA
2022-11-25,20918.78,SSISCA
2022-11-28,21504.62,SSISCA
2022-11-29,22479.33,SSISCA
2022-11-30,22870.13,SSISCA
2022-12-01,23243.62,SSISCA
2022-12-02,23276.36,SSISCA
2022-12-05,24156.22,SSISCA
2022-12-06,24491.37,SSISCA
2022-12-07,23449.26,SSISCA
2022-12-08,23385.29,SSISCA
2022-12-09,23888.85,SSISCA
2022-12-12,24112.12,SSISCA
2022-12-13,23794.72,SSISCA
2022-12-14,24165.26,SSISCA
2022-12-15,24226.82,SSISCA
2022-12-16,24488.22,SSISCA
2022-12-19,24576.33,SSISCA
2022-12-20,24305.01,SSISCA
2022-12-21,23935.69,SSISCA
2022-12-22,24027.57,SSISCA
2022-12-23,24130.86,SSISCA
2022-12-26,24120.98,SSISCA
2022-12-27,23412.71,SSISCA
2022-12-28,23805.13,SSISCA
2022-12-29,23855.85,SSISCA
2022-12-30,23727.96,SSISCA
2023-01-03,23807.29,SSISCA
2023-01-04,24644.1,SSISCA
2023-01-05,24584.59,SSISCA
2023-01-06,24820.46,SSISCA
2023-01-09,24727.97,SSISCA
2023-01-10,24619.04,SSISCA
2023-01-11,24675.17,SSISCA
2023-01-12,24849.53,SSISCA
2023-01-13,24801.2,SSISCA
2023-01-16,24753.42,SSISCA
2023-01-17,24948.38,SSISCA
2023-01-18,25490.83,SSISCA
2023-01-19,25839.09,SSISCA
2023-01-27,25984.33,SSISCA
2023-01-30,26136.48,SSISCA
2023-01-31,26030.89,SSISCA
2023-02-01,26332.0,SSISCA
2023-02-02,25742.33,SSISCA
2023-02-03,25927.66,SSISCA
2023-02-06,25674.03,SSISCA
2023-02-07,25801.39,SSISCA
2023-02-08,25450.1,SSISCA
2023-02-09,25439.47,SSISCA
2023-02-10,25389.65,SSISCA
2023-02-13,25028.81,SSISCA
2023-02-14,24846.51,SSISCA
2023-02-15,24907.03,SSISCA
2023-02-16,25078.94,SSISCA
2023-02-17,25431.53,SSISCA
2023-02-20,25409.3,SSISCA
2023-02-21,26005.19,SSISCA
2023-02-22,25896.92,SSISCA
2023-02-23,25424.77,SSISCA
2023-02-24,25372.73,SSISCA
2023-02-27,25004.47,SSISCA
2023-02-28,24519.18,SSISCA
2023-03-01,24548.41,SSISCA
2023-03-02,25012.59,SSISCA
2023-03-03,24838.58,SSISCA
2023-03-06,24518.44,SSISCA
2023-03-07,24559.58,SSISCA
2023-03-08,24710.0,SSISCA
2023-03-09,24884.17,SSISCA
2023-03-10,25123.63,SSISCA
2023-03-13,24932.67,SSISCA
2023-03-14,24697.58,SSISCA
2023-03-15,24398.86,SSISCA
2023-03-16,24985.04,SSISCA
2023-03-17,24649.86,SSISCA
2023-03-20,24592.7,SSISCA
2023-03-21,24178.27,SSISCA
2023-03-22,24359.59,SSISCA
2023-03-23,24335.55,SSISCA
2023-03-24,24368.19,SSISCA
2023-03-27,24452.62,SSISCA
2023-03-28,24639.38,SSISCA
2023-03-29,24748.1,SSISCA
2023-03-30,24727.91,SSISCA
2023-03-31,24764.79,SSISCA
2023-04-03,24875.13,SSISCA
2023-04-04,25301.21,SSISCA
2023-04-05,25413.94,SSISCA
2023-04-06,25446.18,SSISCA
2023-04-07,25233.32,SSISCA
2023-04-10,25236.21,SSISCA
2023-04-11,25347.6,SSISCA
2023-04-12,25400.01,SSISCA
2023-04-13,25481.39,SSISCA
2023-04-14,25497.95,SSISCA
2023-04-17,25171.32,SSISCA
2023-04-18,25213.15,SSISCA
2023-04-19,25207.01,SSISCA
2023-04-20,25155.18,SSISCA
2023-04-21,25183.48,SSISCA
2023-04-24,25050.33,SSISCA
2023-04-25,25112.46,SSISCA
2023-04-26,24966.3,SSISCA
2023-04-27,25107.02,SSISCA
2023-04-28,25160.76,SSISCA
2023-05-04,25268.21,SSISCA
2023-05-05,25198.78,SSISCA
2023-05-08,25143.22,SSISCA
2023-05-09,25280.22,SSISCA
2023-05-10,25314.61,SSISCA
2023-05-11,25496.83,SSISCA
2023-05-12,25421.17,SSISCA
2023-05-15,25695.32,SSISCA
2023-05-16,25694.2,SSISCA
2023-05-17,25741.46,SSISCA
2023-05-18,25631.09,SSISCA
2023-05-19,25828.63,SSISCA
2023-05-22,25972.86,SSISCA
2023-05-23,26059.22,SSISCA
2023-05-24,25901.73,SSISCA
2023-05-25,25789.3,SSISCA
2023-05-26,25991.41,SSISCA
2023-05-29,26104.28,SSISCA
2023-05-30,26259.0,SSISCA
2023-05-31,26430.51,SSISCA
2023-06-01,26414.27,SSISCA
2023-06-02,26529.54,SSISCA
2023-06-05,26877.12,SSISCA
2023-06-06,27065.71,SSISCA
2023-06-07,27246.22,SSISCA
2023-06-08,27264.68,SSISCA
2023-06-09,26859.58,SSISCA
2023-06-12,27115.83,SSISCA
2023-06-13,27350.65,SSISCA
2023-06-14,27324.77,SSISCA
2023-06-15,27156.99,SSISCA
2023-06-16,27109.1,SSISCA
2023-06-19,27102.46,SSISCA
2023-06-20,27085.3,SSISCA
2023-06-21,27407.99,SSISCA
2023-06-22,27584.4,SSISCA
2023-06-23,27704.4,SSISCA
2023-06-26,27716.72,SSISCA
2023-06-27,27879.65,SSISCA
2023-06-28,27999.25,SSISCA
2023-06-29,28064.32,SSISCA
2023-06-30,27631.36,SSISCA
2023-07-03,27722.62,SSISCA
2023-07-04,27725.63,SSISCA
2023-07-05,27868.89,SSISCA
2023-07-06,27969.52,SSISCA
2023-07-07,27796.53,SSISCA
2023-07-10,28216.35,SSISCA
2023-07-11,28560.91,SSISCA
2023-07-12,28687.68,SSISCA
2023-07-13,28710.89,SSISCA
2023-07-14,28933.04,SSISCA
2023-07-17,29177.49,SSISCA
2023-07-18,29139.29,SSISCA
2023-07-19,29137.07,SSISCA
2023-07-20,29128.11,SSISCA
2023-07-21,29350.47,SSISCA
2023-07-24,29719.88,SSISCA
2023-07-25,29960.09,SSISCA
2023-07-26,29928.84,SSISCA
2023-07-27,29923.63,SSISCA
2023-07-28,30020.81,SSISCA
2023-07-31,30140.37,SSISCA
2023-08-01,30310.31,SSISCA
2023-08-02,30099.89,SSISCA
2023-08-03,30061.4,SSISCA
2023-08-04,30075.81,SSISCA
2023-08-07,30281.72,SSISCA
2023-08-08,30511.37,SSISCA
2023-08-09,30506.8,SSISCA
2023-08-10,30376.7,SSISCA
2023-08-11,30027.45,SSISCA
2023-08-14,30158.68,SSISCA
2023-08-15,30315.12,SSISCA
2023-08-16,30463.59,SSISCA
2023-08-17,30605.25,SSISCA
2023-08-18,30600.54,SSISCA
2023-08-21,29599.29,SSISCA
2023-08-22,29707.71,SSISCA
2023-08-23,29871.14,SSISCA
2023-08-24,29729.44,SSISCA
2023-08-25,30323.67,SSISCA
2023-08-28,30294.72,SSISCA
2023-08-29,30799.5,SSISCA
2023-08-30,30895.69,SSISCA
2023-08-31,31387.79,SSISCA
2023-09-05,31678.14,SSISCA
2023-09-06,31876.41,SSISCA
2023-09-07,32272.58,SSISCA
2023-09-08,32292.78,SSISCA
2023-09-11,32318.4,SSISCA
2023-09-12,31949.94,SSISCA
2023-09-13,32435.77,SSISCA
2023-09-14,32372.61,SSISCA
2023-09-15,32102.23,SSISCA
2023-09-18,32075.7,SSISCA
2023-09-19,31877.22,SSISCA
2023-09-20,32072.45,SSISCA
2023-09-21,32349.19,SSISCA
2023-09-22,32013.55,SSISCA
2023-09-25,31649.74,SSISCA
2023-09-26,30676.43,SSISCA
2023-09-27,30604.38,SSISCA
2023-09-28,31025.65,SSISCA
2023-09-29,31105.6,SSISCA
2023-10-02,31009.37,SSISCA
2023-10-03,31019.47,SSISCA
2023-10-04,30153.22,SSISCA
2023-10-05,30421.46,SSISCA
2023-10-06,30110.54,SSISCA
2023-10-09,30448.67,SSISCA
2023-10-10,30776.11,SSISCA
2023-10-11,31062.68,SSISCA
2023-10-12,31302.93,SSISCA
2023-10-13,31247.16,SSISCA
2023-10-16,31385.14,SSISCA
2023-10-17,31058.29,SSISCA
2023-10-18,30195.05,SSISCA
2023-10-19,29708.26,SSISCA
2023-10-20,29261.85,SSISCA
2023-10-23,29850.81,SSISCA
2023-10-24,29294.48,SSISCA
2023-10-25,29518.3,SSISCA
2023-10-26,29362.35,SSISCA
2023-10-27,28088.2,SSISCA
2023-10-30,28242.31,SSISCA
2023-10-31,27557.81,SSISCA
2023-11-01,26790.76,SSISCA
2023-11-02,27070.16,SSISCA
2023-11-03,28147.18,SSISCA
2023-11-06,28232.13,SSISCA
2023-11-07,28550.06,SSISCA
2023-11-08,28394.04,SSISCA
2023-11-09,29380.63,SSISCA
2023-11-10,29459.91,SSISCA
2023-11-13,29145.94,SSISCA
2023-11-14,29126.84,SSISCA
2023-11-15,29572.62,SSISCA
2023-11-16,29697.11,SSISCA
2023-11-17,29831.73,SSISCA
2023-11-20,29417.27,SSISCA
2023-11-21,29322.56,SSISCA
2023-11-22,29609.88,SSISCA
2023-11-23,29650.2,SSISCA
2023-11-24,28921.79,SSISCA
2023-11-27,29118.81,SSISCA
2023-11-28,28855.04,SSISCA
2023-11-29,29022.69,SSISCA
2023-11-30,29363.14,SSISCA
2023-12-01,29191.47,SSISCA
2023-12-04,29347.5,SSISCA
2023-12-05,29751.17,SSISCA
2023-12-06,29763.73,SSISCA
2023-12-07,29941.11,SSISCA
2023-12-08,29880.06,SSISCA
2023-12-11,30001.28,SSISCA
2023-12-12,30027.02,SSISCA
2023-12-13,30219.77,SSISCA
2023-12-14,29722.59,SSISCA
2023-12-15,29701.48,SSISCA
2023-12-18,29633.54,SSISCA
2023-12-19,29340.98,SSISCA
2023-12-20,29534.4,SSISCA
2023-12-21,29740.49,SSISCA
2023-12-22,29929.28,SSISCA
2023-12-25,29968.91,SSISCA
2023-12-26,30339.9,SSISCA
2023-12-27,30428.68,SSISCA
2023-12-28,30432.6,SSISCA
2023-12-29,30573.98,SSISCA
2024-01-02,30576.68,SSISCA
2024-01-03,30637.67,SSISCA
2024-01-04,30916.12,SSISCA
2024-01-05,31079.36,SSISCA
2024-01-08,31254.51,SSISCA
2024-01-09,31334.85,SSISCA
2024-01-10,31256.28,SSISCA
2024-01-11,31118.7,SSISCA
2024-01-12,31124.89,SSISCA
2024-01-15,31009.99,SSISCA
2024-01-16,31015.23,SSISCA
2024-01-17,31265.68,SSISCA
2024-01-18,31309.81,SSISCA
2024-01-19,31535.07,SSISCA
2024-01-22,31780.72,SSISCA
2024-01-23,31814.97,SSISCA
2024-01-24,31721.68,SSISCA
2024-01-25,31603.68,SSISCA
2024-01-26,31628.38,SSISCA
2024-01-29,31872.34,SSISCA
2024-01-30,31966.99,SSISCA
2024-01-31,32233.84,SSISCA
2024-02-01,32013.33,SSISCA
2024-02-02,32520.44,SSISCA
2024-02-05,32696.27,SSISCA
2024-02-06,33150.22,SSISCA
2024-02-07,33298.54,SSISCA
2024-02-15,33558.52,SSISCA
2024-02-16,33511.95,SSISCA
2024-02-19,33675.56,SSISCA
2024-02-20,33749.1,SSISCA
2024-02-21,33728.08,SSISCA
2024-02-22,33903.86,SSISCA
2024-02-23,33848.41,SSISCA
2024-02-26,33356.75,SSISCA
2024-02-27,33932.3,SSISCA
2024-02-28,34230.93,SSISCA
2024-02-29,34430.13,SSISCA
2024-03-01,34511.64,SSISCA
2024-03-04,34789.19,SSISCA
2024-03-05,34994.76,SSISCA
2024-03-06,35196.47,SSISCA
2024-03-07,34835.52,SSISCA
2024-03-08,35087.64,SSISCA
2024-03-11,34645.5,SSISCA
2024-03-12,34446.2,SSISCA
2024-03-13,34829.54,SSISCA
2024-03-14,35775.22,SSISCA
2024-03-15,35681.84,SSISCA
2024-03-18,35694.36,SSISCA
2024-03-19,34912.73,SSISCA
2024-03-20,34889.8,SSISCA
2024-03-21,35475.07,SSISCA
2024-03-22,35956.1,SSISCA
2024-03-25,35956.24,SSISCA
2024-03-26,35623.04,SSISCA
2024-03-27,36062.26,SSISCA
2024-03-28,36221.08,SSISCA
2024-03-29,36523.07,SSISCA
2024-04-01,36405.25,SSISCA
2024-04-02,36356.05,SSISCA
2024-04-03,36546.29,SSISCA
2024-04-04,36146.89,SSISCA
2024-04-05,35935.18,SSISCA
2024-04-08,35545.58,SSISCA
2024-04-09,35256.56,SSISCA
2024-04-10,35646.44,SSISCA
2024-04-11,35539.03,SSISCA
2024-04-12,35545.49,SSISCA
2024-04-15,36000.73,SSISCA
2024-04-16,34467.25,SSISCA
2024-04-17,34661.77,SSISCA
2024-04-19,34222.6,SSISCA
2024-04-22,33678.0,SSISCA
2024-04-23,34042.72,SSISCA
2024-04-24,34061.03,SSISCA
2024-04-25,35183.48,SSISCA
2024-04-26,35294.38,SSISCA
2024-05-02,35334.54,SSISCA
2024-05-03,35796.34,SSISCA
2024-05-06,35977.83,SSISCA
2024-05-07,36518.85,SSISCA
2024-05-08,36901.53,SSISCA
2024-05-09,36969.09,SSISCA
2024-05-10,36933.74,SSISCA
2024-05-13,37003.33,SSISCA
2024-05-14,36803.78,SSISCA
2024-05-15,36956.73,SSISCA
2024-05-16,37447.7,SSISCA
2024-05-17,37846.24,SSISCA
2024-05-20,37840.38,SSISCA
2024-05-21,37813.94,SSISCA
2024-05-22,38075.75,SSISCA
2024-05-23,38095.39,SSISCA
2024-05-24,38486.61,SSISCA
2024-05-27,37848.52,SSISCA
2024-05-28,38026.88,SSISCA
2024-05-29,38499.46,SSISCA
2024-05-30,38155.02,SSISCA
2024-05-31,38163.61,SSISCA
2024-06-03,38207.65,SSISCA
2024-06-04,38738.84,SSISCA
2024-06-05,38871.89,SSISCA
2024-06-06,38865.24,SSISCA
2024-06-07,39040.45,SSISCA
2024-06-10,39257.25,SSISCA
2024-06-11,39557.77,SSISCA
2024-06-12,39598.52,SSISCA
2024-06-13,40139.57,SSISCA
2024-06-14,40141.9,SSISCA
2024-06-17,39631.7,SSISCA
2024-06-18,39422.62,SSISCA
2024-06-19,39500.04,SSISCA
2024-06-20,39753.04,SSISCA
2024-06-21,39839.79,SSISCA
2024-06-24,39967.23,SSISCA
2024-06-25,39144.27,SSISCA
2024-06-26,39150.28,SSISCA
2024-06-27,39321.39,SSISCA
2024-06-28,39294.1,SSISCA
2024-07-01,38840.16,SSISCA
2024-07-02,39052.06,SSISCA
2024-07-03,39212.58,SSISCA
2024-07-04,39510.62,SSISCA
2024-07-05,39690.75,SSISCA
2024-07-08,39871.4,SSISCA
2024-07-09,40055.88,SSISCA
2024-07-10,40153.97,SSISCA
2024-07-11,39761.74,SSISCA
2024-07-12,39689.96,SSISCA
2024-07-15,39697.72,SSISCA
2024-07-16,39725.63,SSISCA
2024-07-17,39912.07,SSISCA
2024-07-18,39520.56,SSISCA
2024-07-19,39564.7,SSISCA
2024-07-22,39293.39,SSISCA
2024-07-23,38827.69,SSISCA
2024-07-24,38325.91,SSISCA
2024-07-25,38471.93,SSISCA
2024-07-26,38341.2,SSISCA
2024-07-29,38757.69,SSISCA
2024-07-30,38906.55,SSISCA
2024-07-31,38816.74,SSISCA
2024-08-01,38913.74,SSISCA
2024-08-02,37944.69,SSISCA
2024-08-05,38216.46,SSISCA
2024-08-06,36813.55,SSISCA
2024-08-07,37445.51,SSISCA
2024-08-08,37556.4,SSISCA
2024-08-09,37398.48,SSISCA
2024-08-12,38172.42,SSISCA
2024-08-13,38619.93,SSISCA
2024-08-14,38550.33,SSISCA
2024-08-15,38554.55,SSISCA
2024-08-16,38277.7,SSISCA
2024-08-19,39099.91,SSISCA
2024-08-20,39440.02,SSISCA
2024-08-21,39587.14,SSISCA
2024-08-22,39874.73,SSISCA
2024-08-23,39846.73,SSISCA
2024-08-26,39827.0,SSISCA
2024-08-27,39570.27,SSISCA
2024-08-28,39565.38,SSISCA
2024-08-29,39605.19,SSISCA
2024-08-30,39648.93,SSISCA
2024-09-04,39790.39,SSISCA
2024-09-05,39587.35,SSISCA
2024-09-06,39147.43,SSISCA
2024-09-09,39408.52,SSISCA
2024-09-10,39272.67,SSISCA
2024-09-11,38977.95,SSISCA
2024-09-12,38946.27,SSISCA
2024-09-13,39143.2,SSISCA
2024-09-16,39096.93,SSISCA
2024-09-17,38764.23,SSISCA
2024-09-18,39283.21,SSISCA
2024-09-19,39661.52,SSISCA
2024-09-20,39832.56,SSISCA
2024-09-23,39914.54,SSISCA
2024-09-24,39834.18,SSISCA
2024-09-25,40064.36,SSISCA
2024-09-26,40261.13,SSISCA
2024-09-27,40218.07,SSISCA
2024-09-30,40153.36,SSISCA
2024-10-01,40115.57,SSISCA
2024-10-02,40149.01,SSISCA
2024-10-03,40052.72,SSISCA
2024-10-04,39762.16,SSISCA
2024-10-07,39448.66,SSISCA
2024-10-08,39525.71,SSISCA
2024-10-09,39571.5,SSISCA
2024-10-10,39829.58,SSISCA
2024-10-11,40142.92,SSISCA
2024-10-14,40058.09,SSISCA
2024-10-15,39874.54,SSISCA
2024-10-16,39730.95,SSISCA
2024-10-17,39663.42,SSISCA
2024-10-18,39891.71,SSISCA
2024-10-21,39810.01,SSISCA
2024-10-22,39424.22,SSISCA
2024-10-23,39128.39,SSISCA
2024-10-24,39238.9,SSISCA
2024-10-25,38938.99,SSISCA
2024-10-28,38877.69,SSISCA
2024-10-29,39038.28,SSISCA
2024-10-30,39322.75,SSISCA
2024-10-31,39419.95,SSISCA
2024-11-01,39562.29,SSISCA
2024-11-04,39238.26,SSISCA
2024-11-05,39015.71,SSISCA
2024-11-06,39034.43,SSISCA
2024-11-07,39612.09,SSISCA
2024-11-08,39619.89,SSISCA
2024-11-11,39627.98,SSISCA
2024-11-12,39697.18,SSISCA
2024-11-13,39416.48,SSISCA
2024-11-14,39432.09,SSISCA
2024-11-15,39031.46,SSISCA
2024-11-18,38610.43,SSISCA
2024-11-19,38509.71,SSISCA
2024-11-20,37899.63,SSISCA
2024-11-21,38302.82,SSISCA
2024-11-22,38743.6,SSISCA
2024-11-25,38784.59,SSISCA
2024-11-26,38912.83,SSISCA
2024-11-27,39144.36,SSISCA
2024-11-28,39234.77,SSISCA
2024-11-29,39293.61,SSISCA
2024-12-02,39716.89,SSISCA
2024-12-03,39708.89,SSISCA
2024-12-04,39741.5,SSISCA
2024-12-05,39505.37,SSISCA
2024-12-06,40470.29,SSISCA
2024-12-09,40514.23,SSISCA
2024-12-10,40494.35,SSISCA
2024-12-11,40461.83,SSISCA
2024-12-12,40386.64,SSISCA
2024-12-13,40411.47,SSISCA
2024-12-16,40315.95,SSISCA
2024-12-17,40317.37,SSISCA
2024-12-18,40209.24,SSISCA
2024-12-19,40338.81,SSISCA
2024-12-20,40048.84,SSISCA
2024-12-23,40172.18,SSISCA
2024-12-24,40328.13,SSISCA
2024-12-25,40401.78,SSISCA
2024-12-26,40904.88,SSISCA
2024-12-27,40912.05,SSISCA
2024-12-30,40927.49,SSISCA
2024-12-31,40785.56,SSISCA
2025-01-02,40816.1,SSISCA
2025-01-03,40816.21,SSISCA
2025-01-06,40255.31,SSISCA
2025-01-07,39864.43,SSISCA
2025-01-08,39871.12,SSISCA
2025-01-09,39930.97,SSISCA
2025-01-10,39821.57,SSISCA
2025-01-13,39374.51,SSISCA
2025-01-14,39578.8,SSISCA
2025-01-15,39338.72,SSISCA
2025-01-16,39450.04,SSISCA
2025-01-17,39598.12,SSISCA
2025-01-20,39989.34,SSISCA
2025-01-21,40050.53,SSISCA
2025-01-22,40021.11,SSISCA
2025-01-23,39963.38,SSISCA
2025-01-24,40636.04,SSISCA
2025-02-03,40703.2,SSISCA
2025-02-04,40157.62,SSISCA
2025-02-05,40516.53,SSISCA
2025-02-06,40630.96,SSISCA
2025-02-07,40760.49,SSISCA
2025-02-10,40863.62,SSISCA
2025-02-11,40407.41,SSISCA
2025-02-12,40595.54,SSISCA
2025-02-13,40473.9,SSISCA
2025-02-14,40544.44,SSISCA
2025-02-17,40719.62,SSISCA
2025-02-18,40598.76,SSISCA
2025-02-19,40737.04,SSISCA
2025-02-20,41048.21,SSISCA
2025-02-21,41160.03,SSISCA
2025-02-24,41253.81,SSISCA
2025-02-25,41523.87,SSISCA
2025-02-26,41378.11,SSISCA
2025-02-27,41405.3,SSISCA
2025-02-28,41625.23,SSISCA
2025-03-03,41500.74,SSISCA
2025-03-04,41551.88,SSISCA
2025-03-05,41711.6,SSISCA
2025-03-06,41381.37,SSISCA
2025-03-07,41863.5,SSISCA
2025-03-10,42007.01,SSISCA
2025-03-11,42101.6,SSISCA
2025-03-12,42131.57,SSISCA
2025-03-13,41942.63,SSISCA
2025-03-14,41557.44,SSISCA
2025-03-17,41265.51,SSISCA
2025-03-18,41425.92,SSISCA
2025-03-19,41240.34,SSISCA
2025-03-20,40956.67,SSISCA
2025-03-21,40972.43,SSISCA
2025-03-24,40945.98,SSISCA
2025-03-25,41046.85,SSISCA
2025-03-26,41149.39,SSISCA
2025-03-27,41029.52,SSISCA
2025-03-28,40962.37,SSISCA
2025-03-31,40643.28,SSISCA
2025-04-01,40359.2,SSISCA
2025-04-02,40495.7,SSISCA
2025-04-03,40452.71,SSISCA
2025-04-04,37732.54,SSISCA
2025-04-08,36860.79,SSISCA
2025-04-09,34638.93,SSISCA
2025-04-10,33382.58,SSISCA
2025-04-11,35601.79,SSISCA
2025-04-14,36906.83,SSISCA
2025-04-15,37109.8,SSISCA
2025-04-16,36655.23,SSISCA
2025-04-17,36136.47,SSISCA
2025-04-18,36316.72,SSISCA
2025-04-21,36529.78,SSISCA
2025-04-22,36364.96,SSISCA
2025-04-23,36094.99,SSISCA
2025-04-24,36527.69,SSISCA
2025-04-25,36723.95,SSISCA
2025-04-28,36757.68,SSISCA
2025-04-29,36668.69,SSISCA
2025-05-05,36784.7,SSISCA
2025-05-06,37142.64,SSISCA
2025-05-07,37083.35,SSISCA
2025-05-08,37170.66,SSISCA
2025-05-09,37578.51,SSISCA
2025-05-12,37623.22,SSISCA
2025-05-13,38019.18,SSISCA
2025-05-14,38627.39,SSISCA
2025-05-15,39115.75,SSISCA
2025-05-16,39210.48,SSISCA
2025-05-19,38723.05,SSISCA
2025-05-20,38560.24,SSISCA
2025-05-21,38946.24,SSISCA
2025-05-22,39014.99,SSISCA
2025-05-23,38624.79,SSISCA
2025-05-26,38658.88,SSISCA
2025-05-27,39132.55,SSISCA
2025-05-28,39463.88,SSISCA
2025-05-29,39401.76,SSISCA
2025-05-30,39512.89,SSISCA
2025-06-02,39164.88,SSISCA
2025-06-03,39278.76,SSISCA
2025-06-04,39550.59,SSISCA
2025-06-05,39430.66,SSISCA
2025-06-06,39445.87,SSISCA
2025-06-09,39131.67,SSISCA
2025-06-10,38974.63,SSISCA
2025-06-11,39054.63,SSISCA
2025-06-12,39163.55,SSISCA
2025-06-13,39663.76,SSISCA
2025-06-16,39578.1,SSISCA
2025-06-17,40216.76,SSISCA
2025-06-18,40281.84,SSISCA
2025-06-19,40252.46,SSISCA
2025-06-20,40380.65,SSISCA
2025-06-23,40428.92,SSISCA
2025-06-24,40491.62,SSISCA
2025-06-25,40539.6,SSISCA
2025-06-26,40587.23,SSISCA
2025-06-27,40612.77,SSISCA
2025-06-30,40636.17,SSISCA
2025-07-01,40924.11,SSISCA
2025-07-02,40952.47,SSISCA
2025-07-03,41208.21,SSISCA
2025-07-04,41079.67,SSISCA
2025-07-07,41329.87,SSISCA
2025-07-08,41707.43,SSISCA
2025-07-09,42057.23,SSISCA
2025-07-10,42223.94,SSISCA
2025-07-11,42258.91,SSISCA
2025-07-14,42429.64,SSISCA
2025-07-15,42653.81,SSISCA
